<?xml version="1.0" encoding="UTF-8" standalone="yes"?>
<addon id="MatrixFlix.Repo" name="MatrixFlix Repository" version="1.01" provider-name="MatrixFlix Media">
    <extension point="xbmc.addon.repository" name="MatrixFlix XBMC Addon Repository">
        <dir>
            <info compressed="false">https://raw.githubusercontent.com/MatrixFlix/Dist/master/repo/zips/addons.xml</info>
            <checksum>https://raw.githubusercontent.com/MatrixFlix/Dist/master/repo/zips/addons.xml.md5</checksum>
            <datadir zip="true">https://raw.githubusercontent.com/MatrixFlix/Dist/master/repo/zips/</datadir>
        </dir>
        <dir>
            <info compressed="false">https://raw.githubusercontent.com/Gujal00/smrzips/master/addons.xml</info>
            <checksum>https://raw.githubusercontent.com/Gujal00/smrzips/master/addons.xml.md5</checksum>
            <datadir zip="true">https://raw.githubusercontent.com/Gujal00/smrzips/master/zips/</datadir>
        </dir>
    </extension>
    <extension point="xbmc.addon.metadata">
        <summary>MatrixFlix Repository</summary>
        <description>MatrixFlix Installer</description>
        <disclaimer></disclaimer>
        <platform>all</platform>
        <assets>
            <icon>icon.png</icon>
            <fanart>fanart.jpg</fanart>
        </assets>
    </extension>
</addon>